City_ID,City,Lat,Lng,Max Temp,Humidity,Cloudiness,Wind Speed,Country,Date
0,Atuona,-9.8,-139.0333,76.96,71,10,24.56,PF,2022-08-31 20:28:05
1,Touros,-5.1989,-35.4608,77.5,73,73,21.0,BR,2022-08-31 20:29:21
2,Rocha,-34.4833,-54.3333,62.91,75,100,6.15,UY,2022-08-31 20:23:09
3,Mataura,-46.1927,168.8643,44.82,92,57,2.08,NZ,2022-08-31 20:29:22
4,Bredasdorp,-34.5322,20.0403,52.2,72,9,8.14,ZA,2022-08-31 20:24:34
5,Victoria,22.2855,114.1577,85.32,86,8,4.0,HK,2022-08-31 20:26:11
6,Talnakh,69.4865,88.3972,36.21,85,14,2.46,RU,2022-08-31 20:29:22
7,Butaritari,3.0707,172.7902,81.97,78,7,20.33,KI,2022-08-31 20:29:22
8,Qaanaaq,77.484,-69.3632,35.33,66,0,3.42,GL,2022-08-31 20:24:28
9,Pacific Grove,36.6177,-121.9166,80.55,79,0,13.0,US,2022-08-31 20:29:23
10,Kapaa,22.0752,-159.319,83.1,65,20,13.8,US,2022-08-31 20:29:23
11,Punta Arenas,-53.15,-70.9167,46.51,71,100,8.05,CL,2022-08-31 20:29:24
12,Ambunti,-4.2365,142.8448,72.39,99,43,1.34,PG,2022-08-31 20:29:24
13,Rikitea,-23.1203,-134.9692,72.99,79,2,4.54,PF,2022-08-31 20:29:24
14,Hermanus,-34.4187,19.2345,56.66,54,10,14.81,ZA,2022-08-31 20:29:25
15,Cherskiy,68.75,161.3,37.56,87,100,4.21,RU,2022-08-31 20:29:25
16,Albany,42.6001,-73.9662,78.17,51,19,13.13,US,2022-08-31 20:27:41
17,Sitka,57.0531,-135.33,58.89,82,20,5.75,US,2022-08-31 20:25:44
18,East London,-33.0153,27.9116,58.51,64,0,15.48,ZA,2022-08-31 20:29:26
19,Busselton,-33.65,115.3333,47.53,79,0,10.25,AU,2022-08-31 20:29:26
20,Rafaela,-31.2503,-61.4867,82.0,28,5,4.0,AR,2022-08-31 20:29:27
21,Bluff,-46.6,168.3333,51.69,90,100,6.08,NZ,2022-08-31 20:29:27
22,Saskylakh,71.9167,114.0833,39.72,96,100,12.86,RU,2022-08-31 20:26:54
23,Ilulissat,69.2167,-51.1,39.22,87,75,8.05,GL,2022-08-31 20:29:28
24,Lebu,-37.6167,-73.65,53.29,78,5,10.27,CL,2022-08-31 20:29:28
25,Bandarbeyla,9.4942,50.8122,76.86,81,99,23.06,SO,2022-08-31 20:29:28
26,Stykkisholmur,65.0757,-22.7297,46.38,88,89,18.01,IS,2022-08-31 20:29:29
27,Bose,45.4612,8.0137,71.19,93,100,5.21,IT,2022-08-31 20:29:29
28,Georgetown,5.4112,100.3354,82.89,90,20,4.61,MY,2022-08-31 20:29:30
29,Leningradskiy,69.3833,178.4167,33.37,99,100,14.83,RU,2022-08-31 20:29:17
30,Torbay,47.6666,-52.7314,77.88,72,75,12.66,CA,2022-08-31 20:29:30
31,Tumarbong,10.3766,119.4579,78.8,88,99,3.29,PH,2022-08-31 20:29:31
32,Jamestown,42.097,-79.2353,75.94,39,75,19.57,US,2022-08-31 20:29:31
33,Mudgee,-32.5943,149.5871,44.78,100,100,0.0,AU,2022-08-31 20:29:31
34,Ushuaia,-54.8,-68.3,47.82,66,75,6.91,AR,2022-08-31 20:26:15
35,Bambous Virieux,-20.3428,57.7575,64.65,88,20,4.61,MU,2022-08-31 20:29:32
36,Asau,46.4333,26.4,63.52,91,97,2.33,RO,2022-08-31 20:29:32
37,Airai,-8.9266,125.4092,56.44,80,72,2.98,TL,2022-08-31 20:20:55
38,Laguna,38.421,-121.4238,98.17,32,0,8.05,US,2022-08-31 20:24:33
39,Souillac,-20.5167,57.5167,64.78,88,20,4.61,MU,2022-08-31 20:25:39
40,Bilibino,68.0546,166.4372,33.93,74,62,1.7,RU,2022-08-31 20:25:36
41,Port Blair,11.6667,92.75,81.57,81,100,6.51,IN,2022-08-31 20:29:33
42,Teguldet,57.3064,88.1667,55.44,98,99,1.97,RU,2022-08-31 20:29:34
43,Puerto Ayora,-0.7393,-90.3518,76.96,86,90,10.0,EC,2022-08-31 20:28:37
44,Erenhot,43.6475,111.9767,58.95,33,0,7.99,CN,2022-08-31 20:29:34
45,Port Alfred,-33.5906,26.891,54.18,77,0,3.0,ZA,2022-08-31 20:29:35
46,Lake Jackson,29.0339,-95.4344,91.04,84,0,3.44,US,2022-08-31 20:29:35
47,Thompson,55.7435,-97.8558,50.16,66,100,4.61,CA,2022-08-31 20:29:35
48,Ta Khmau,11.4833,104.95,80.65,89,20,2.3,KH,2022-08-31 20:30:36
49,Kushmurun,52.4503,64.6311,72.59,37,26,8.61,KZ,2022-08-31 20:30:36
50,Palmer,42.1584,-72.3287,81.77,43,20,17.27,US,2022-08-31 20:30:37
51,Ahipara,-35.1667,173.1667,52.72,79,100,4.38,NZ,2022-08-31 20:26:32
52,Nuuk,64.1835,-51.7216,45.21,61,75,8.05,GL,2022-08-31 20:30:37
53,Vaini,-21.2,-175.2,73.56,78,20,8.05,TO,2022-08-31 20:30:38
54,New Norfolk,-42.7826,147.0587,50.92,72,91,4.27,AU,2022-08-31 20:30:38
55,Yulara,-25.2406,130.9889,54.18,89,100,7.09,AU,2022-08-31 20:25:38
56,Alofi,-19.0595,-169.9187,73.29,94,75,12.66,NU,2022-08-31 20:24:17
57,Namatanai,-3.6667,152.4333,79.81,75,89,11.32,PG,2022-08-31 20:21:45
58,Champerico,14.3,-91.9167,86.54,75,99,8.5,GT,2022-08-31 20:30:39
59,Tasiilaq,65.6145,-37.6368,42.96,94,100,5.35,GL,2022-08-31 20:26:10
60,Barrow,71.2906,-156.7887,39.22,93,100,20.71,US,2022-08-31 20:30:39
61,Gat,31.61,34.7642,83.08,100,0,4.68,IL,2022-08-31 20:26:17
62,Cambridge,43.3601,-80.3127,80.22,48,40,19.57,CA,2022-08-31 20:26:57
63,Balakirevo,56.5059,38.8432,48.97,79,11,10.63,RU,2022-08-31 20:30:40
64,Arraial Do Cabo,-22.9661,-42.0278,67.96,60,0,16.11,BR,2022-08-31 20:30:41
65,Khatanga,71.9667,102.5,38.46,91,100,17.31,RU,2022-08-31 20:30:41
66,Bajitpur,24.2167,90.95,78.67,92,100,4.9,BD,2022-08-31 20:30:42
67,Santa Maria,-29.6842,-53.8069,70.9,53,0,10.36,BR,2022-08-31 20:30:42
68,Ryotsu,38.0833,138.4333,76.44,92,79,7.83,JP,2022-08-31 20:28:17
69,Havoysund,70.9963,24.6622,44.83,80,100,12.64,NO,2022-08-31 20:30:43
70,Ugep,5.8086,8.0812,73.38,95,100,4.59,NG,2022-08-31 20:30:43
71,Tigil,57.8,158.6667,54.1,84,3,12.19,RU,2022-08-31 20:30:43
72,Mackay,-21.15,149.2,65.68,91,55,12.55,AU,2022-08-31 20:26:34
73,Henties Bay,-22.116,14.2845,57.43,88,29,5.53,NA,2022-08-31 20:30:44
74,Geraldton,-28.7667,114.6,55.81,54,0,17.27,AU,2022-08-31 20:30:44
75,Hobart,-42.8794,147.3294,51.26,79,20,5.75,AU,2022-08-31 20:29:57
76,Hamilton,39.1834,-84.5333,85.64,48,40,8.05,US,2022-08-31 20:30:42
77,Coihaique,-45.5752,-72.0662,49.95,53,75,8.05,CL,2022-08-31 20:30:45
78,Isangel,-19.55,169.2667,74.73,63,93,16.84,VU,2022-08-31 20:30:46
79,Castro,-24.7911,-50.0119,57.7,75,15,5.86,BR,2022-08-31 20:30:47
80,Nalut,30.3333,10.85,85.82,18,0,10.98,LY,2022-08-31 20:30:47
81,Yellowknife,62.456,-114.3525,59.56,77,75,9.22,CA,2022-08-31 20:29:44
82,Port Lincoln,-34.7333,135.8667,50.02,79,52,6.73,AU,2022-08-31 20:30:48
83,Daru,-9.0763,143.2092,77.34,92,48,11.7,PG,2022-08-31 20:30:48
84,Humberto De Campos,-2.5983,-43.4611,83.88,62,30,5.48,BR,2022-08-31 20:24:26
85,Cabo San Lucas,22.8909,-109.9124,91.71,51,75,11.5,MX,2022-08-31 20:30:49
86,Puerto Del Rosario,28.5004,-13.8627,74.95,88,20,12.66,ES,2022-08-31 20:30:49
87,Sayyan,15.1718,44.3244,65.77,36,3,8.61,YE,2022-08-31 20:30:50
88,Bayanday,53.0661,105.5139,47.01,68,17,4.61,RU,2022-08-31 20:30:50
89,Lorengau,-2.0226,147.2712,80.87,82,82,9.64,PG,2022-08-31 20:27:07
90,Anqing,30.5092,117.0506,66.85,91,98,5.59,CN,2022-08-31 20:31:51
91,Saint George,37.1041,-113.5841,105.44,13,0,8.05,US,2022-08-31 20:31:02
92,Chokurdakh,70.6333,147.9167,39.61,63,100,6.8,RU,2022-08-31 20:31:51
93,Sao Joao Da Barra,-21.6403,-41.0511,69.89,62,13,10.16,BR,2022-08-31 20:31:51
94,Nanortalik,60.1432,-45.2371,41.45,77,53,13.0,GL,2022-08-31 20:31:52
95,Batemans Bay,-35.7167,150.1833,54.1,89,33,4.76,AU,2022-08-31 20:31:52
96,Codrington,-38.2667,141.9667,46.81,73,100,8.75,AU,2022-08-31 20:31:53
97,Mahebourg,-20.4081,57.7,64.69,88,20,4.61,MU,2022-08-31 20:31:53
98,Bonavista,48.6499,-53.1147,68.72,67,99,12.97,CA,2022-08-31 20:31:54
99,Pevek,69.7008,170.3133,32.77,89,100,12.03,RU,2022-08-31 20:27:58
100,Cape Town,-33.9258,18.4232,67.37,41,0,3.44,ZA,2022-08-31 20:30:03
101,Carnarvon,-24.8667,113.6333,64.56,42,5,16.87,AU,2022-08-31 20:31:54
102,Norman Wells,65.282,-126.8329,64.44,59,75,3.44,CA,2022-08-31 20:31:55
103,Tinqueux,49.25,3.9833,69.28,77,0,3.44,FR,2022-08-31 20:31:55
104,Parana,-31.732,-60.5238,82.54,38,8,5.01,AR,2022-08-31 20:31:03
105,Kosh-Agach,50.0,88.6667,44.58,59,17,1.19,RU,2022-08-31 20:31:55
106,Atar,20.5169,-13.0499,92.32,45,38,10.63,MR,2022-08-31 20:31:56
107,Fortuna,40.5982,-124.1573,69.93,80,20,8.05,US,2022-08-31 20:31:56
108,Huarmey,-10.0681,-78.1522,66.92,71,1,13.2,PE,2022-08-31 20:31:56
109,Kodiak,57.79,-152.4072,54.91,94,100,10.36,US,2022-08-31 20:28:09
110,Altepexi,18.35,-97.3167,82.45,44,100,11.07,MX,2022-08-31 20:31:57
111,Jalu,29.0331,21.5482,81.5,47,0,14.36,LY,2022-08-31 20:31:57
112,Bratsk,56.1325,101.6142,59.49,95,100,12.62,RU,2022-08-31 20:31:58
113,Barra,-11.0894,-43.1417,79.21,36,1,4.94,BR,2022-08-31 20:31:58
114,Okha,53.5739,142.9478,56.7,89,0,8.95,RU,2022-08-31 20:31:59
115,Velingara,13.15,-14.1167,73.71,98,100,5.06,SN,2022-08-31 20:31:59
116,Portland,45.5234,-122.6762,90.86,46,0,7.0,US,2022-08-31 20:27:57
117,El Tigre,8.8875,-64.2454,86.63,49,100,3.0,VE,2022-08-31 20:31:59
118,Vizinga,61.0749,50.1031,47.97,95,100,10.54,RU,2022-08-31 20:32:00
119,Parrita,9.5201,-84.3225,81.41,79,92,5.91,CR,2022-08-31 20:32:00
120,Saldanha,-33.0117,17.9442,69.85,62,53,13.78,ZA,2022-08-31 20:32:01
121,Kandrian,-6.2167,149.55,77.18,88,100,6.33,PG,2022-08-31 20:32:01
122,Dikson,73.5069,80.5464,41.0,90,93,13.38,RU,2022-08-31 20:32:01
123,Narsaq,60.9167,-46.05,52.02,51,4,1.28,GL,2022-08-31 20:32:02
124,Natal,-5.795,-35.2094,80.82,69,20,19.57,BR,2022-08-31 20:32:02
125,Hokitika,-42.7167,170.9667,53.37,92,100,8.52,NZ,2022-08-31 20:32:03
126,Hithadhoo,-0.6,73.0833,80.6,74,92,15.66,MV,2022-08-31 20:32:03
127,Canutama,-6.5339,-64.3831,95.81,29,4,1.95,BR,2022-08-31 20:32:04
128,Bengkulu,-3.8004,102.2655,75.42,90,91,4.23,ID,2022-08-31 20:32:04
129,Yakeshi,49.2833,120.7333,37.92,48,46,5.17,CN,2022-08-31 20:32:04
130,Vernon,50.2581,-119.2691,93.13,34,54,3.44,CA,2022-08-31 20:31:59
131,Tual,-5.6667,132.75,80.8,79,77,12.84,ID,2022-08-31 20:32:05
132,Hudiksvall,61.729,17.1036,47.95,75,16,6.17,SE,2022-08-31 20:32:05
133,Haverfordwest,51.8017,-4.9691,63.99,77,91,8.75,GB,2022-08-31 20:32:06
134,Castel San Pietro Terme,44.3986,11.5848,74.73,93,87,1.52,IT,2022-08-31 20:32:07
135,Tuktoyaktuk,69.4541,-133.0374,60.8,63,20,6.91,CA,2022-08-31 20:32:07
136,Along,28.1667,94.7667,74.48,99,100,0.87,IN,2022-08-31 20:33:08
137,Ketchikan,55.3422,-131.6461,57.67,100,100,5.75,US,2022-08-31 20:33:08
138,Vilhena,-12.7406,-60.1458,93.42,26,0,5.75,BR,2022-08-31 20:33:08
139,Viedma,-40.8135,-62.9967,64.18,30,97,4.18,AR,2022-08-31 20:33:09
140,Ust-Tsilma,65.441,52.1498,39.97,76,99,5.19,RU,2022-08-31 20:33:09
141,Gravdal,68.1214,13.5031,42.69,100,20,3.44,NO,2022-08-31 20:33:10
142,Zhigansk,66.7697,123.3711,40.93,85,100,8.88,RU,2022-08-31 20:33:10
143,Puro,12.4841,123.3827,81.5,80,66,9.28,PH,2022-08-31 20:33:11
144,Craig,40.5153,-107.5464,87.75,12,20,3.44,US,2022-08-31 20:32:27
145,Doka,13.5167,35.7667,74.16,89,78,5.1,SD,2022-08-31 20:33:12
146,Murgab,37.4966,61.9714,73.27,40,0,0.0,TM,2022-08-31 20:33:12
147,Mainaguri,26.5667,88.8167,77.67,92,100,2.62,IN,2022-08-31 20:33:12
148,Perth,-31.9333,115.8333,55.09,77,0,20.71,AU,2022-08-31 20:30:30
149,Saint-Pierre,-21.3393,55.4781,67.91,79,0,4.61,RE,2022-08-31 20:24:27
150,Kirakira,-10.4544,161.9205,79.92,82,99,11.83,SB,2022-08-31 20:33:13
151,Sobolevo,54.4299,31.8996,49.3,64,81,7.09,RU,2022-08-31 20:33:14
152,Truth Or Consequences,33.1284,-107.2528,79.92,69,100,16.11,US,2022-08-31 20:29:00
153,Pierre,44.3683,-100.351,94.86,30,0,4.61,US,2022-08-31 20:33:14
154,Manavalakurichi,8.1333,77.3,76.48,91,100,10.02,IN,2022-08-31 20:33:15
155,Ixtapa,20.7,-105.2,90.23,62,40,10.36,MX,2022-08-31 20:30:48
156,Poum,-20.2333,164.0167,73.09,78,76,18.68,NC,2022-08-31 20:29:31
157,Itoman,26.1247,127.6694,84.22,86,75,19.57,JP,2022-08-31 20:33:15
158,Vardo,70.3705,31.1107,40.98,81,40,12.66,NO,2022-08-31 20:33:16
159,Borova,50.1763,30.1043,63.25,73,13,5.35,UA,2022-08-31 20:33:16
160,Dingle,10.9995,122.6711,75.9,91,100,3.44,PH,2022-08-31 20:33:17
161,Comodoro Rivadavia,-45.8667,-67.5,62.46,27,0,19.57,AR,2022-08-31 20:30:02
162,Gemena,3.25,19.7667,69.64,97,99,1.99,CD,2022-08-31 20:33:18
163,Esperance,-33.8667,121.9,51.03,81,36,6.13,AU,2022-08-31 20:33:18
164,Klaksvik,62.2266,-6.589,50.92,89,13,16.84,FO,2022-08-31 20:24:27
165,Hilo,19.7297,-155.09,87.28,76,20,11.5,US,2022-08-31 20:33:13
166,Quimper,48.0,-4.1,68.56,100,75,3.44,FR,2022-08-31 20:33:19
167,Shingu,33.7333,135.9833,77.67,91,100,3.83,JP,2022-08-31 20:33:19
168,San Patricio,28.017,-97.5169,91.29,51,100,10.85,US,2022-08-31 20:28:22
169,Muskegon Heights,43.2011,-86.239,80.44,64,20,10.36,US,2022-08-31 20:33:20
170,Bairiki,1.3292,172.9752,82.4,78,20,10.36,KI,2022-08-31 20:33:20
171,Batagay,67.6333,134.6333,48.6,80,97,2.04,RU,2022-08-31 20:33:21
172,Nome,64.5011,-165.4064,50.07,88,100,9.22,US,2022-08-31 20:30:53
173,Namibe,-15.1961,12.1522,64.71,87,66,11.03,AO,2022-08-31 20:33:21
174,Saint-Philippe,-21.3585,55.7679,67.21,79,19,3.15,RE,2022-08-31 20:33:22
175,Mayo,38.8876,-76.5119,86.36,49,20,11.5,US,2022-08-31 20:33:22
176,Amarante Do Maranhao,-5.5667,-46.7422,87.49,29,3,3.4,BR,2022-08-31 20:33:23
177,Purna,19.1833,77.05,80.49,75,85,4.27,IN,2022-08-31 20:33:23
178,Sao Filipe,14.8961,-24.4956,77.81,81,88,7.43,CV,2022-08-31 20:33:24
179,Mount Gambier,-37.8333,140.7667,48.34,79,100,5.55,AU,2022-08-31 20:32:01
180,Mirabad,30.4362,61.8383,82.74,15,2,17.07,AF,2022-08-31 20:34:24
181,Oranjemund,-28.55,16.4333,58.69,78,36,3.89,NA,2022-08-31 20:34:24
182,Emba,48.8264,58.1442,76.06,27,4,5.28,KZ,2022-08-31 20:34:25
183,Bukachacha,52.9833,116.9167,36.1,68,81,3.13,RU,2022-08-31 20:34:25
184,Medina,24.4686,39.6142,97.23,6,0,4.61,SA,2022-08-31 20:34:26
185,Chapais,49.7834,-74.8492,58.78,86,100,6.31,CA,2022-08-31 20:32:46
186,Sabang,5.8933,95.3214,81.79,76,99,13.2,ID,2022-08-31 20:34:26
187,Moron,-34.6534,-58.6198,70.81,72,87,4.72,AR,2022-08-31 20:34:27
188,Tiksi,71.6872,128.8694,40.1,97,80,4.47,RU,2022-08-31 20:32:03
189,Sioux Lookout,50.1001,-91.917,59.07,58,75,9.22,CA,2022-08-31 20:34:27
190,Vao,-22.6667,167.4833,71.01,68,100,17.98,NC,2022-08-31 20:34:28
191,Hasaki,35.7333,140.8333,79.2,88,33,19.84,JP,2022-08-31 20:34:28
192,Trebisacce,39.8708,16.5312,76.35,62,82,7.36,IT,2022-08-31 20:34:28
193,Broome,42.2506,-75.833,77.7,52,75,10.36,US,2022-08-31 20:34:29
194,Ust-Kuyga,70.0167,135.6,51.82,86,100,3.36,RU,2022-08-31 20:34:29
195,Longyearbyen,78.2186,15.6401,37.24,81,40,3.44,SJ,2022-08-31 20:34:29
196,Sao Jose Da Coroa Grande,-8.8978,-35.1478,73.99,77,81,12.15,BR,2022-08-31 20:34:30
197,Teya,60.3778,92.6267,42.73,74,93,9.26,RU,2022-08-31 20:25:31
198,Kaitangata,-46.2817,169.8464,49.14,79,61,2.86,NZ,2022-08-31 20:31:57
199,Ternate,0.8,127.4,79.65,80,27,2.15,ID,2022-08-31 20:33:00
200,Buta,2.7858,24.73,69.39,99,99,1.41,CD,2022-08-31 20:34:31
201,Port Elizabeth,-33.918,25.5701,59.29,76,0,18.41,ZA,2022-08-31 20:34:31
202,Avarua,-21.2078,-159.775,78.85,78,5,5.75,CK,2022-08-31 20:34:32
203,Freiburg,46.8024,7.1513,62.06,69,100,4.61,CH,2022-08-31 20:34:32
204,Warri,5.5167,5.75,75.29,91,100,3.49,NG,2022-08-31 20:32:33
205,Karratha,-20.7377,116.8463,69.51,53,36,4.94,AU,2022-08-31 20:31:55
206,Coldwater,41.9403,-85.0005,80.46,50,0,9.22,US,2022-08-31 20:34:33
207,Dengzhou,37.8086,120.7508,68.4,83,0,3.49,CN,2022-08-31 20:34:33
208,Half Moon Bay,37.4636,-122.4286,83.05,63,0,18.41,US,2022-08-31 20:34:33
209,Acapulco,16.8634,-99.8901,85.82,70,75,5.75,MX,2022-08-31 20:26:51
210,Moerai,-22.4333,-151.3333,74.84,81,2,15.48,PF,2022-08-31 20:34:34
211,Tura,25.5198,90.2201,73.67,97,100,4.18,IN,2022-08-31 20:34:34
212,Mount Isa,-20.7333,139.5,67.77,64,59,5.75,AU,2022-08-31 20:34:35
213,Tuatapere,-46.1333,167.6833,51.75,91,91,3.49,NZ,2022-08-31 20:34:35
214,Lithakia,37.7167,20.8333,76.28,69,20,0.0,GR,2022-08-31 20:34:35
215,Te Anau,-45.4167,167.7167,51.44,94,87,2.42,NZ,2022-08-31 20:34:36
216,Sawakin,19.1059,37.3321,91.87,44,78,2.66,SD,2022-08-31 20:34:36
217,General Roca,-39.0333,-67.5833,70.45,22,71,12.17,AR,2022-08-31 20:34:37
218,Faya,18.3851,42.4509,71.71,34,20,4.97,SA,2022-08-31 20:34:37
219,Aba,5.1066,7.3667,74.14,91,99,4.54,NG,2022-08-31 20:30:39
220,Samarai,-10.6167,150.6667,79.21,86,100,22.17,PG,2022-08-31 20:34:38
221,Bulqize,41.4917,20.2219,62.92,80,1,3.38,AL,2022-08-31 20:35:38
222,Bethel,41.3712,-73.414,84.72,41,20,13.8,US,2022-08-31 20:30:54
223,Tahta,26.7693,31.5021,88.11,34,0,13.91,EG,2022-08-31 20:35:39
224,Cidreira,-30.1811,-50.2056,61.09,77,0,16.82,BR,2022-08-31 20:33:06
225,Upernavik,72.7868,-56.1549,39.4,92,100,21.79,GL,2022-08-31 20:35:39
226,Grindavik,63.8424,-22.4338,48.67,87,75,17.27,IS,2022-08-31 20:35:40
227,Balakhta,55.38,91.6,55.44,94,100,7.45,RU,2022-08-31 20:35:40
228,Abu Samrah,35.3029,37.1841,87.24,35,49,5.97,SY,2022-08-31 20:35:41
229,Mount Pleasant,32.7941,-79.8626,91.18,76,0,3.0,US,2022-08-31 20:31:36
230,Ambilobe,-13.2,49.05,70.9,82,96,1.63,MG,2022-08-31 20:34:29
231,Faanui,-16.4833,-151.75,78.53,62,46,21.07,PF,2022-08-31 20:35:41
232,Rio Grande,-32.035,-52.0986,68.11,78,25,10.94,BR,2022-08-31 20:35:42
233,Balabac,7.9868,117.0645,81.63,77,100,4.88,PH,2022-08-31 20:33:53
234,Katsuura,35.1333,140.3,80.69,86,9,18.28,JP,2022-08-31 20:35:42
235,Mangrol,21.1167,70.1167,80.17,84,94,12.17,IN,2022-08-31 20:35:43
236,Portobelo,9.55,-79.65,83.1,80,100,2.62,PA,2022-08-31 20:35:43
237,Iqaluit,63.7506,-68.5145,46.13,81,100,18.41,CA,2022-08-31 20:35:44
238,Turukhansk,65.8167,87.9833,36.36,94,92,5.53,RU,2022-08-31 20:32:37
239,Kinablangan,7.6947,126.5503,77.79,83,100,4.43,PH,2022-08-31 20:35:44
240,Nouadhibou,20.931,-17.0347,80.58,89,100,5.75,MR,2022-08-31 20:35:45
241,Carbonear,47.7332,-53.2148,78.64,75,3,7.83,CA,2022-08-31 20:35:45
242,Port Hedland,-20.3167,118.5667,62.65,77,41,1.14,AU,2022-08-31 20:35:45
243,Fountain Hills,33.6117,-111.7174,106.23,19,0,3.44,US,2022-08-31 20:35:46
244,Saint-Paul,-21.0096,55.2707,68.36,83,4,6.87,RE,2022-08-31 20:35:46
245,Chuy,-33.6971,-53.4616,58.14,83,84,9.17,UY,2022-08-31 20:35:47
246,Evensk,61.95,159.2333,50.07,56,63,4.23,RU,2022-08-31 20:35:47
247,Angoram,-4.0625,144.0661,73.53,99,77,1.68,PG,2022-08-31 20:35:47
248,Clyde River,70.4692,-68.5914,41.23,81,75,11.5,CA,2022-08-31 20:35:48
249,Ribeira Grande,38.5167,-28.7,75.6,83,20,3.44,PT,2022-08-31 20:35:48
250,Severo-Kurilsk,50.6789,156.125,56.41,76,100,2.28,RU,2022-08-31 20:35:49
251,Dire Dawa,9.5931,41.8661,70.38,69,3,15.39,ET,2022-08-31 20:35:49
252,Jeremie,18.65,-74.1167,85.12,68,99,2.24,HT,2022-08-31 20:35:49
253,Skibbereen,51.55,-9.2667,63.1,75,100,8.28,IE,2022-08-31 20:35:38
254,Marsh Harbour,26.5412,-77.0636,84.16,70,29,8.43,BS,2022-08-31 20:35:38
255,Westerland,54.9079,8.3033,62.62,63,22,16.11,DE,2022-08-31 20:35:50
256,Sikonge,-5.6333,32.7667,74.7,40,57,12.68,TZ,2022-08-31 20:35:50
257,Inhambane,-23.865,35.3833,64.47,73,71,11.5,MZ,2022-08-31 20:35:51
258,Windhoek,-22.5594,17.0832,71.8,23,75,2.3,NA,2022-08-31 20:35:51
259,Lethem,3.3803,-59.7968,83.39,72,76,2.44,GY,2022-08-31 20:35:52
260,Inverell,-29.7833,151.1167,50.16,89,34,1.01,AU,2022-08-31 20:35:52
261,Guerrero Negro,27.9769,-114.0611,81.16,60,15,12.75,MX,2022-08-31 20:35:53
262,Puerto Escondido,15.85,-97.0667,86.83,62,40,3.44,MX,2022-08-31 20:35:53
263,Riberalta,-10.9833,-66.1,89.8,43,0,9.22,BO,2022-08-31 20:35:53
264,Melville,40.7934,-73.4151,86.88,38,75,10.36,US,2022-08-31 20:35:54
265,Wasilla,61.5814,-149.4394,55.49,86,100,4.61,US,2022-08-31 20:36:54
266,Santa Marta,11.2408,-74.199,84.25,74,75,8.05,CO,2022-08-31 20:33:28
267,Boa Vista,2.8197,-60.6733,87.78,58,40,4.61,BR,2022-08-31 20:36:55
268,Marzuq,14.4,46.4667,77.99,62,1,4.81,YE,2022-08-31 20:36:55
269,Sansare,14.7472,-90.1125,85.06,87,97,4.14,GT,2022-08-31 20:36:56
270,Ust-Nera,64.5667,143.2,55.45,66,98,3.71,RU,2022-08-31 20:32:19
271,Knyaginino,55.8228,45.0349,58.91,79,42,7.74,RU,2022-08-31 20:36:56
272,Katobu,-4.9408,122.5276,72.52,95,30,2.95,ID,2022-08-31 20:36:57
273,Constitucion,-35.3333,-72.4167,54.12,84,100,8.14,CL,2022-08-31 20:36:57
274,Flinders,-34.5833,150.8552,54.18,91,21,4.0,AU,2022-08-31 20:36:58
275,Zhezkazgan,47.8043,67.7144,75.97,25,4,6.26,KZ,2022-08-31 20:36:58
276,Fairbanks,64.8378,-147.7164,63.23,63,20,8.05,US,2022-08-31 20:35:14
277,Okhotsk,59.3833,143.3,56.32,91,15,8.41,RU,2022-08-31 20:36:59
278,Aygehovit,40.9795,45.2503,72.16,33,0,7.4,AM,2022-08-31 20:36:59
279,Porto Belo,-27.1578,-48.5531,67.24,82,22,9.91,BR,2022-08-31 20:34:42
280,Gosainganj,26.5833,82.3833,81.86,80,100,1.61,IN,2022-08-31 20:37:00
281,Havre-Saint-Pierre,50.2334,-63.5986,68.36,88,100,9.22,CA,2022-08-31 20:37:00
282,Saint Anthony,45.0205,-93.218,90.97,41,0,10.36,US,2022-08-31 20:37:00
283,Haines Junction,60.7522,-137.5108,58.95,44,9,5.75,CA,2022-08-31 20:37:01
284,Santa Catarina De Tepehuanes,25.35,-105.7333,71.33,67,100,2.26,MX,2022-08-31 20:37:01
285,Cove,7.221,2.3402,72.95,92,100,5.68,BJ,2022-08-31 20:37:02
286,Lexington,37.9887,-84.4777,84.69,45,20,3.44,US,2022-08-31 20:35:41
287,Camacha,33.0833,-16.3333,69.22,68,40,11.5,PT,2022-08-31 20:37:02
288,Ahuimanu,21.4447,-157.8378,84.78,62,20,11.5,US,2022-08-31 20:37:03
289,Thohoyandou,-22.9456,30.485,53.55,45,0,4.0,ZA,2022-08-31 20:33:20
290,Sudzha,51.1976,35.2726,57.43,82,29,6.08,RU,2022-08-31 20:37:04
291,Minab,27.1467,57.0801,86.32,70,100,0.0,IR,2022-08-31 20:37:04
292,Vaitape,-16.5167,-151.75,78.53,62,46,21.0,PF,2022-08-31 20:37:04
293,Imbituba,-28.24,-48.6703,62.44,76,20,17.25,BR,2022-08-31 20:37:05
294,Formosa Do Rio Preto,-11.0483,-45.1931,86.83,21,1,8.21,BR,2022-08-31 20:28:21
295,Ordu,40.9086,37.6845,66.7,77,55,4.36,TR,2022-08-31 20:37:06
296,Yar-Sale,66.8333,70.8333,42.37,80,85,8.75,RU,2022-08-31 20:33:16
297,Beruwala,6.4788,79.9828,77.14,88,100,15.37,LK,2022-08-31 20:37:06
298,Ponta Do Sol,32.6667,-17.1,74.01,66,97,7.11,PT,2022-08-31 20:37:07
299,Noumea,-22.2763,166.4572,70.0,99,83,10.13,NC,2022-08-31 20:37:08
300,Provideniya,64.3833,-173.3,46.6,97,100,7.38,RU,2022-08-31 20:33:16
301,North Bend,43.4065,-124.2243,65.16,100,43,1.01,US,2022-08-31 20:37:08
302,Limoux,42.9167,2.1667,66.7,75,78,6.33,FR,2022-08-31 20:37:09
303,Herre,59.1,9.5667,55.87,83,10,2.21,NO,2022-08-31 20:37:09
304,Dicabisagan,17.0818,122.4157,78.4,88,98,4.07,PH,2022-08-31 20:37:10
305,Deputatskiy,69.3,139.9,43.84,83,73,2.59,RU,2022-08-31 20:37:10
306,Sharjah,25.3573,55.4033,91.38,70,0,5.75,AE,2022-08-31 20:37:10
307,Kalmunai,7.4167,81.8167,75.52,92,100,4.79,LK,2022-08-31 20:37:11
308,Coquimbo,-29.9533,-71.3436,55.13,66,100,5.75,CL,2022-08-31 20:37:11
309,Beidao,34.5686,105.8933,59.63,68,64,2.21,CN,2022-08-31 20:37:12
310,Ferrol,43.4832,-8.2369,66.72,87,14,3.56,ES,2022-08-31 20:38:12
311,Zaysan,47.4667,84.8667,62.91,24,3,7.31,KZ,2022-08-31 20:38:13
312,Yerofey Pavlovich,53.9667,121.9667,34.14,79,77,2.06,RU,2022-08-31 20:38:13
313,Alekseyevsk,57.8406,108.3492,55.47,94,100,10.09,RU,2022-08-31 20:38:14
314,Rio Gallegos,-51.6226,-69.2181,53.65,37,0,10.36,AR,2022-08-31 20:38:14
315,Warwick,41.7001,-71.4162,85.06,51,75,14.97,US,2022-08-31 20:38:15
316,Turbe,44.2436,17.5714,61.54,89,20,0.83,BA,2022-08-31 20:38:15
317,Rurrenabaque,-14.4413,-67.5278,89.29,55,0,0.0,BO,2022-08-31 20:38:15
318,Impfondo,1.6381,18.0667,72.37,91,58,2.28,CG,2022-08-31 20:38:16
319,Laurel,39.0993,-76.8483,85.87,49,75,13.8,US,2022-08-31 20:38:06
320,Port Hardy,50.6996,-127.4199,57.38,94,100,5.75,CA,2022-08-31 20:28:18
321,Lancaster,40.2504,-76.2499,84.51,43,40,13.8,US,2022-08-31 20:38:17
322,Dunedin,-45.8742,170.5036,52.81,84,55,4.18,NZ,2022-08-31 20:38:17
323,Pindiga,9.9833,10.9333,72.46,90,69,5.03,NG,2022-08-31 20:38:17
324,Nicoya,10.1483,-85.452,79.93,86,95,5.41,CR,2022-08-31 20:38:18
325,Suzhou,31.3114,120.6181,70.81,79,100,5.73,CN,2022-08-31 20:38:18
326,Northam,51.0333,-4.2167,68.4,77,100,10.92,GB,2022-08-31 20:38:19
327,Songea,-10.6833,35.65,61.95,72,20,0.0,TZ,2022-08-31 20:38:19
328,Tabuk,17.4189,121.4443,73.47,90,90,3.18,PH,2022-08-31 20:34:31
329,Nosy Varika,-20.5833,48.5333,68.79,88,32,5.64,MG,2022-08-31 20:38:20
330,Brainerd,46.358,-94.2008,85.78,39,0,10.36,US,2022-08-31 20:35:20
331,Celina,40.5489,-84.5702,79.65,55,1,9.22,US,2022-08-31 20:36:57
332,Teguise,29.0605,-13.564,73.62,78,20,17.27,ES,2022-08-31 20:36:14
333,Mar Del Plata,-38.0023,-57.5575,57.22,52,0,11.99,AR,2022-08-31 20:36:50
334,Ampanihy,-24.7,44.75,60.6,51,85,11.36,MG,2022-08-31 20:38:22
335,Dinhata,26.1333,89.4667,78.13,94,100,2.75,IN,2022-08-31 20:38:23
336,Kisangani,0.5167,25.2,71.04,96,47,2.48,CD,2022-08-31 20:38:23
337,Ndele,8.4109,20.6473,70.16,98,100,4.36,CF,2022-08-31 20:38:23
338,Anadyr,64.75,177.4833,45.1,93,75,8.95,RU,2022-08-31 20:38:24
339,Yumen,40.2833,97.2,65.98,29,68,3.2,CN,2022-08-31 20:38:24
340,Warrington,53.3925,-2.5802,65.32,68,20,11.5,GB,2022-08-31 20:38:25
341,Anloga,5.7947,0.8973,75.56,90,38,12.35,GH,2022-08-31 20:38:25
342,Komsomolskiy,40.4272,71.7189,70.52,40,0,6.91,UZ,2022-08-31 20:38:25
343,Fort Frances,48.5999,-93.4003,80.17,53,0,10.36,CA,2022-08-31 20:38:26
344,Meghri,38.9029,46.2446,75.76,31,0,2.06,AM,2022-08-31 20:38:26
345,Yerbogachen,61.2767,108.0108,38.57,98,100,6.55,RU,2022-08-31 20:38:27
346,Dakar,14.6937,-17.4441,80.73,89,40,4.61,SN,2022-08-31 20:38:27
347,Buriti Dos Lopes,-3.175,-41.8669,83.95,67,64,9.04,BR,2022-08-31 20:38:28
348,Mocuba,-16.8392,36.9856,67.41,66,100,4.76,MZ,2022-08-31 20:38:28
349,Boshan,36.4833,117.8333,65.28,86,0,2.01,CN,2022-08-31 20:38:28
350,Villarrobledo,39.2699,-2.6012,78.78,22,0,8.75,ES,2022-08-31 20:38:29
351,Hoquiam,46.9809,-123.8893,66.96,77,100,9.22,US,2022-08-31 20:38:29
352,Oktyabrskiy,54.4815,53.471,69.94,41,87,6.93,RU,2022-08-31 20:38:30
353,Lasa,46.6166,10.7002,61.68,92,91,4.56,IT,2022-08-31 20:38:30
354,Gondanglegi,-7.7479,112.0132,73.27,92,58,8.01,ID,2022-08-31 20:38:30
355,Biak,-0.9131,122.8766,74.59,84,67,7.0,ID,2022-08-31 20:38:31
356,Port Moresby,-9.4431,147.1797,76.42,94,100,3.44,PG,2022-08-31 20:38:31
357,Hualmay,-11.0964,-77.6139,65.43,71,8,13.96,PE,2022-08-31 20:38:31
358,Miyazu,35.5333,135.1833,75.61,93,97,3.15,JP,2022-08-31 20:39:32
359,Vestmannaeyjar,63.4427,-20.2734,50.14,71,97,18.68,IS,2022-08-31 20:39:32
360,Nikolskoye,59.7035,30.7861,48.09,95,100,11.34,RU,2022-08-31 20:39:33
361,Saint-Francois,46.4154,3.9054,67.44,73,0,3.44,FR,2022-08-31 20:39:33
362,Silvan,38.1419,41.0081,75.49,16,0,3.78,TR,2022-08-31 20:39:34
363,Zhicheng,30.2956,111.5047,71.11,59,100,4.43,CN,2022-08-31 20:39:34
364,Port-Gentil,-0.7193,8.7815,76.96,83,75,13.8,GA,2022-08-31 20:39:34
365,Nishihara,26.1842,127.7558,83.48,87,75,20.71,JP,2022-08-31 20:39:35
366,Belmonte,-15.8631,-38.8828,68.83,76,93,11.5,BR,2022-08-31 20:39:35
367,Saint-Joseph,-21.3667,55.6167,66.2,79,12,3.02,RE,2022-08-31 20:39:36
368,Fort Nelson,58.8053,-122.7002,62.19,51,100,5.75,CA,2022-08-31 20:39:36
369,Batamshinskiy,50.5594,58.2747,75.54,25,100,8.63,KZ,2022-08-31 20:39:36
370,Muroto,33.2833,134.15,81.88,81,100,7.29,JP,2022-08-31 20:39:37
371,Conde,-7.2597,-34.9075,78.26,69,20,17.27,BR,2022-08-31 20:39:37
372,Kavieng,-2.5744,150.7967,82.92,68,94,16.91,PG,2022-08-31 20:39:38
373,Sibuco,7.2911,122.0656,78.28,85,100,2.04,PH,2022-08-31 20:39:38
374,Xiangxiang,27.7333,112.5333,66.72,86,49,3.56,CN,2022-08-31 20:39:39
375,Iskateley,67.6803,53.1512,37.31,90,27,6.35,RU,2022-08-31 20:39:39
376,Gazanjyk,39.2446,55.5154,80.89,14,0,5.93,TM,2022-08-31 20:39:39
377,Kahului,20.8947,-156.47,81.97,70,75,9.22,US,2022-08-31 20:39:40
378,Andra,62.5147,65.8878,42.06,77,88,6.53,RU,2022-08-31 20:39:40
379,Edea,3.8,10.1333,72.39,98,92,0.16,CM,2022-08-31 20:39:41
380,Takoradi,4.8845,-1.7554,74.19,93,73,9.22,GH,2022-08-31 20:38:12
381,Cambrai,50.1667,3.4167,70.9,70,81,8.05,FR,2022-08-31 20:39:41
382,Vigrestad,58.5667,5.7,59.59,80,11,9.95,NO,2022-08-31 20:39:41
383,Hovd,48.0056,91.6419,57.74,37,11,4.81,MN,2022-08-31 20:39:42
384,Beihai,21.4833,109.1,82.99,78,100,3.33,CN,2022-08-31 20:39:42
385,Chateaubelair,13.2833,-61.25,81.18,73,30,10.78,VC,2022-08-31 20:39:43
386,Songjianghe,42.1859,127.479,49.44,96,18,2.68,CN,2022-08-31 20:39:43
387,Gizo,-8.103,156.8419,81.3,78,84,9.51,SB,2022-08-31 20:39:44
388,Roebourne,-20.7833,117.1333,68.9,56,13,3.4,AU,2022-08-31 20:37:22
389,Atasu,48.6814,71.6433,70.0,22,5,5.61,KZ,2022-08-31 20:39:44
390,Nagapattinam,10.7667,79.8333,79.99,84,100,8.41,IN,2022-08-31 20:39:44
391,Ihosy,-22.4,46.1167,52.72,73,5,8.55,MG,2022-08-31 20:39:45
392,Arlit,18.7369,7.3853,99.64,15,43,9.75,NE,2022-08-31 20:39:45
393,Garissa,-0.4536,39.6401,73.31,68,68,20.51,KE,2022-08-31 20:39:46
394,Liverpool,53.4106,-2.9779,65.14,65,20,11.5,GB,2022-08-31 20:39:46
395,Caninde De Sao Francisco,-9.66,-37.7894,73.11,63,78,10.74,BR,2022-08-31 20:39:47
396,Tecoanapa,16.5167,-98.75,86.58,63,28,8.3,MX,2022-08-31 20:39:47
397,Seoul,37.5683,126.9778,67.44,100,20,2.3,KR,2022-08-31 20:39:47
398,Morehead,37.2711,-87.1764,82.99,52,0,4.61,US,2022-08-31 20:36:13
399,Tuam,53.5167,-8.85,55.22,77,1,7.0,IE,2022-08-31 20:39:48
400,Harper,4.375,-7.7169,75.15,91,100,12.21,LR,2022-08-31 20:39:48
401,Mao,39.8885,4.2658,77.56,83,20,8.05,ES,2022-08-31 20:39:49
402,Khasan,42.4308,130.6434,61.81,86,1,4.27,RU,2022-08-31 20:40:49
403,Makakilo City,21.3469,-158.0858,83.01,58,40,10.36,US,2022-08-31 20:40:50
404,Awjilah,29.1081,21.2869,80.73,53,0,13.85,LY,2022-08-31 20:40:50
405,Russell,32.3502,-85.1999,92.97,49,0,8.05,US,2022-08-31 20:40:50
406,Dzhebariki-Khaya,62.2167,135.8,46.65,91,100,0.58,RU,2022-08-31 20:40:51
407,Miram Shah,33.0086,70.0697,81.66,62,0,1.63,PK,2022-08-31 20:40:51
408,Popondetta,-8.7537,148.2534,75.87,81,68,2.19,PG,2022-08-31 20:40:52
409,Vredendal,-31.6683,18.5012,65.08,31,65,5.06,ZA,2022-08-31 20:40:52
410,Menongue,-14.6585,17.691,65.75,26,2,8.32,AO,2022-08-31 20:40:52
411,Letterkenny,54.95,-7.7333,57.09,90,0,2.77,IE,2022-08-31 20:40:53
412,Rabo De Peixe,37.8,-25.5833,76.28,93,20,3.44,PT,2022-08-31 20:40:53
413,Cornwall,45.0181,-74.7281,73.36,68,40,11.5,CA,2022-08-31 20:40:54
414,Diamantino,-14.4086,-56.4461,95.83,17,10,7.05,BR,2022-08-31 20:40:54
415,Vanersborg,58.3807,12.3234,51.58,87,10,1.14,SE,2022-08-31 20:40:54
416,Shimoda,34.6667,138.95,79.48,89,20,9.73,JP,2022-08-31 20:40:55
417,Umm Kaddadah,13.6017,26.6876,80.15,61,26,18.95,SD,2022-08-31 20:40:55
418,Amahai,-3.3333,128.9167,76.6,89,42,1.7,ID,2022-08-31 20:40:56
419,Pisco,-13.7,-76.2167,66.25,68,20,19.57,PE,2022-08-31 20:40:56
420,Panaba,21.2833,-88.2667,83.48,81,84,10.36,MX,2022-08-31 20:40:57
421,Houston,29.7633,-95.3633,95.34,61,75,10.36,US,2022-08-31 20:40:50
422,Ostrovnoy,68.0531,39.5131,45.12,74,100,15.23,RU,2022-08-31 20:40:57
423,Kerman,30.2832,57.0788,67.86,13,0,4.61,IR,2022-08-31 20:40:58
424,Nandi Hills,0.1066,35.1838,59.88,92,91,3.51,KE,2022-08-31 20:40:58
425,Jining,35.405,116.5814,65.26,93,7,2.91,CN,2022-08-31 20:40:58
426,Tilichiki,60.4667,166.1,46.92,62,0,9.57,RU,2022-08-31 20:40:59
427,Miandrivazo,-19.5167,45.4667,66.87,47,1,6.6,MG,2022-08-31 20:40:59
428,Mariinsk,56.2139,87.7472,58.15,97,100,5.53,RU,2022-08-31 20:41:00
429,Freeport,40.6576,-73.5832,87.3,38,75,11.01,US,2022-08-31 20:39:23
430,Hauterive,46.0901,3.4459,68.76,61,100,1.48,FR,2022-08-31 20:41:00
431,Hima,0.2958,30.1804,67.33,92,100,1.79,UG,2022-08-31 20:41:01
432,Paragominas,-2.9667,-47.4833,85.91,44,53,2.77,BR,2022-08-31 20:41:01
433,Talara,-4.5772,-81.2719,72.36,64,0,18.41,PE,2022-08-31 20:41:02
434,San Lawrenz,36.0553,14.204,80.85,74,97,1.99,MT,2022-08-31 20:41:02
435,Mikhaylovsk,45.1283,42.0256,77.22,36,0,4.47,RU,2022-08-31 20:41:02
436,Auki,-8.7676,160.7034,77.81,87,99,4.83,SB,2022-08-31 20:41:03
437,Kavaratti,10.5669,72.642,79.2,83,100,21.43,IN,2022-08-31 20:41:04
438,Padang,-0.9492,100.3543,76.86,86,62,4.09,ID,2022-08-31 20:41:04
439,Yelkhovka,53.8667,50.2832,75.96,74,79,6.67,RU,2022-08-31 20:41:05
440,Kruisfontein,-34.0033,24.7314,54.88,75,0,11.23,ZA,2022-08-31 20:41:05
441,San Cristobal,7.7669,-72.225,84.38,60,37,5.73,VE,2022-08-31 20:41:05
442,Ancud,-41.8697,-73.8203,46.22,81,100,7.83,CL,2022-08-31 20:41:06
443,Vuktyl,63.8567,57.3094,40.14,81,97,5.7,RU,2022-08-31 20:41:06
444,Ouesso,1.6136,16.0517,73.53,89,99,0.94,CG,2022-08-31 20:41:07
445,Mahajanga,-15.7167,46.3167,75.22,69,20,3.44,MG,2022-08-31 20:41:07
446,Konstantinovka,49.6167,127.9833,45.37,77,82,7.78,RU,2022-08-31 20:41:08
447,Kabare,-2.4683,28.8242,61.97,95,93,1.57,CD,2022-08-31 20:41:08
448,Nikolayevka,53.1257,47.2041,65.41,59,23,4.25,RU,2022-08-31 20:41:08
449,Zary,51.6421,15.1373,58.33,80,100,4.34,PL,2022-08-31 20:41:09
450,Sheridan,44.8333,-106.9173,97.3,16,0,8.05,US,2022-08-31 20:42:09
451,Qorveh,35.1664,47.8045,66.38,14,0,4.99,IR,2022-08-31 20:42:10
452,Rovaniemi,66.5,25.7167,47.61,81,100,11.5,FI,2022-08-31 20:42:10
453,Aklavik,68.2191,-135.0107,65.68,45,60,3.91,CA,2022-08-31 20:42:11
454,Pekan,3.4836,103.3996,77.11,90,99,2.93,MY,2022-08-31 20:42:11
455,Rodrigues Alves,-7.738,-72.6509,89.8,30,18,0.85,BR,2022-08-31 20:42:11
456,Cap Malheureux,-19.9842,57.6142,71.28,72,7,6.89,MU,2022-08-31 20:42:12
457,Colatina,-19.5394,-40.6306,65.08,63,71,8.25,BR,2022-08-31 20:42:12
458,Finschhafen,-6.6024,147.8681,79.41,76,98,3.0,PG,2022-08-31 20:42:13
459,Anito,12.4497,125.2886,77.36,91,65,5.53,PH,2022-08-31 20:42:13
460,Steamboat Springs,40.485,-106.8317,88.0,16,0,6.91,US,2022-08-31 20:42:14
461,Lata,40.1629,-8.3327,65.8,95,5,2.44,PT,2022-08-31 20:42:14
462,Bud,39.447,-86.1758,83.75,51,0,7.25,US,2022-08-31 20:42:15
463,Kungurtug,50.5994,97.5228,44.6,78,48,1.99,RU,2022-08-31 20:42:15
464,Nabire,-3.3667,135.4833,75.02,93,86,3.58,ID,2022-08-31 20:42:15
465,Barreirinha,-2.7933,-57.07,95.13,29,67,1.83,BR,2022-08-31 20:42:16
466,Grand Gaube,-20.0064,57.6608,64.8,72,8,6.91,MU,2022-08-31 20:42:16
467,Tocopilla,-22.092,-70.1979,61.27,69,25,6.46,CL,2022-08-31 20:42:17
468,Altay,47.8667,88.1167,57.81,33,5,5.14,CN,2022-08-31 20:42:17
469,Ranong,9.9658,98.6348,77.72,91,100,2.01,TH,2022-08-31 20:42:18
470,Promyshlennaya,54.9159,85.6385,59.95,73,100,4.16,RU,2022-08-31 20:42:18
471,Yantal,56.8471,105.2542,56.8,96,100,13.62,RU,2022-08-31 20:42:19
472,Progreso,21.2833,-89.6667,91.11,67,88,13.18,MX,2022-08-31 20:42:19
473,Amboise,47.4125,0.9827,72.14,71,100,3.44,FR,2022-08-31 20:42:19
474,Husavik,66.0449,-17.3389,58.55,65,98,24.27,IS,2022-08-31 20:42:20
475,Iracoubo,5.4802,-53.2011,79.66,87,93,9.01,GF,2022-08-31 20:42:21
476,Roald,62.5833,6.1333,57.76,87,0,13.8,NO,2022-08-31 20:42:21
477,Comendador,18.8775,-71.7028,74.17,87,99,7.36,DO,2022-08-31 20:42:22
478,Kualakapuas,-3.0091,114.3876,71.98,98,10,1.05,ID,2022-08-31 20:42:22
479,Canmore,51.0834,-115.3521,84.31,23,0,9.22,CA,2022-08-31 20:42:22
480,Kondagaon,19.6,81.6667,72.95,92,100,2.37,IN,2022-08-31 20:42:23
481,Adana,36.985,35.2881,79.32,89,0,2.3,TR,2022-08-31 20:42:23
482,Puerto Colombia,10.9878,-74.9547,82.49,75,100,12.37,CO,2022-08-31 20:42:24
483,Cusuna,15.85,-85.2333,81.16,81,94,4.9,HN,2022-08-31 20:42:24
484,Norfolk,42.1668,-71.2495,83.95,48,20,18.41,US,2022-08-31 20:39:51
485,Darlowo,54.421,16.4107,58.64,71,15,9.86,PL,2022-08-31 20:42:25
486,Bambanglipuro,-7.95,110.2833,74.98,91,100,7.38,ID,2022-08-31 20:42:25
487,Kashi,39.4547,75.9797,67.21,55,0,2.24,CN,2022-08-31 20:42:26
488,Portel,-1.9356,-50.8211,84.87,52,90,3.94,BR,2022-08-31 20:42:26
489,Zapolyarnyy,69.4154,30.8136,42.08,84,92,7.14,RU,2022-08-31 20:42:26
490,Voh,-20.9667,164.7,72.72,75,55,4.36,NC,2022-08-31 20:42:27
491,Homer,59.6425,-151.5483,55.29,77,100,5.99,US,2022-08-31 20:42:27
492,Hami,42.8,93.45,73.09,27,99,6.98,CN,2022-08-31 20:39:10
493,Port Macquarie,-31.4333,152.9167,48.88,86,3,4.63,AU,2022-08-31 20:42:28
494,Santa Ana,33.7456,-117.8678,113.41,35,20,5.75,US,2022-08-31 20:39:17
495,Inuvik,68.3499,-133.7218,65.26,52,75,9.22,CA,2022-08-31 20:42:36
496,Hambantota,6.1241,81.1185,77.68,83,100,16.4,LK,2022-08-31 20:43:29
497,Pelym,61.0108,61.9978,43.95,91,100,4.88,RU,2022-08-31 20:43:29
498,Lodwar,3.1191,35.5973,84.58,38,8,14.9,KE,2022-08-31 20:43:29
499,Mold,53.1667,-3.1414,64.13,66,20,6.91,GB,2022-08-31 20:43:30
500,Surt,31.2089,16.5887,80.13,66,0,7.96,LY,2022-08-31 20:43:30
501,Novoagansk,61.9449,76.6625,42.78,73,100,5.03,RU,2022-08-31 20:40:30
502,Salalah,17.0151,54.0924,77.09,88,20,2.3,OM,2022-08-31 20:43:31
503,Berlevag,70.8578,29.0864,44.55,76,75,11.5,NO,2022-08-31 20:43:31
504,Mansehra,34.3333,73.2,68.68,72,0,5.08,PK,2022-08-31 20:43:32
505,Pontes E Lacerda,-15.2261,-59.3353,96.6,17,11,4.85,BR,2022-08-31 20:40:01
506,Kostomuksha,64.571,30.5767,41.02,77,81,9.26,RU,2022-08-31 20:43:32
507,Grafton,42.207,-71.6856,82.15,44,40,11.5,US,2022-08-31 20:43:33
508,Broken Hill,-31.95,141.4333,47.07,62,54,4.56,AU,2022-08-31 20:41:47
509,Katherine,-14.4667,132.2667,71.92,78,0,5.75,AU,2022-08-31 20:43:33
510,Tula,54.2044,37.6111,54.59,57,61,8.93,RU,2022-08-31 20:43:34
511,Burgeo,47.6167,-57.6152,67.77,82,7,11.63,CA,2022-08-31 20:43:34
512,Porto Santo,33.072,-16.3415,71.98,68,40,11.5,PT,2022-08-31 20:43:34
513,Kilosa,-6.8333,36.9833,69.33,60,23,2.68,TZ,2022-08-31 20:43:35
514,Dubbo,-32.25,148.6167,48.33,87,92,5.75,AU,2022-08-31 20:43:35
515,Kulhudhuffushi,6.6221,73.07,77.22,86,100,21.43,MV,2022-08-31 20:43:36
516,Oerlinghausen,51.9545,8.6622,61.21,67,8,6.44,DE,2022-08-31 20:43:36
517,Smoky Lake,54.1169,-112.4686,84.36,29,100,5.75,CA,2022-08-31 20:40:24
518,Jackson,42.4165,-122.8345,97.38,21,0,3.44,US,2022-08-31 20:42:19
519,Sisophon,13.5859,102.9737,76.19,92,100,4.14,KH,2022-08-31 20:43:37
520,Avera,33.194,-82.5271,93.54,42,64,1.9,US,2022-08-31 20:43:37
521,Mezhdurechensk,53.6942,88.0603,53.87,89,100,3.0,RU,2022-08-31 20:43:37
522,Cabedelo,-6.9811,-34.8339,79.47,73,96,16.73,BR,2022-08-31 20:43:38
523,Khandyga,62.6667,135.6,44.94,93,100,2.3,RU,2022-08-31 20:43:38
524,Guaira,-20.3183,-48.3106,78.85,33,0,3.36,BR,2022-08-31 20:43:39
525,Astana,51.1801,71.446,58.95,41,0,6.71,KZ,2022-08-31 20:43:39
526,Urengoy,65.9667,78.3667,39.43,92,78,8.66,RU,2022-08-31 20:43:40
527,Raudeberg,61.9875,5.1352,56.07,81,12,1.86,NO,2022-08-31 20:43:40
528,Waipawa,-41.4122,175.5153,53.2,75,22,15.5,NZ,2022-08-31 20:43:40
529,Spentrup,56.537,10.0379,55.11,69,11,5.3,DK,2022-08-31 20:43:41
530,Novikovo,51.1537,37.8879,62.8,69,31,7.2,RU,2022-08-31 20:43:41
531,Luzhou,28.8724,105.4405,69.53,83,100,3.15,CN,2022-08-31 20:43:42
532,Stephenville,32.2207,-98.2023,82.87,88,100,4.61,US,2022-08-31 20:42:21
533,Olafsvik,64.8945,-23.7142,47.46,80,99,12.19,IS,2022-08-31 20:43:42
534,La Romana,18.4273,-68.9728,79.16,100,75,0.0,DO,2022-08-31 20:43:43
535,Hofn,64.2539,-15.2082,53.82,95,100,24.32,IS,2022-08-31 20:43:43
536,Portsmouth,50.799,-1.0913,65.97,76,66,4.0,GB,2022-08-31 20:40:40
537,Quatre Cocos,-20.2078,57.7625,64.51,76,22,4.88,MU,2022-08-31 20:43:43
538,Newport,51.5877,-2.9984,68.83,63,100,16.89,GB,2022-08-31 20:43:44
539,Dargaville,-35.9333,173.8833,52.65,75,100,3.49,NZ,2022-08-31 20:43:44
540,Ekhabi,53.5102,142.9671,56.84,89,0,9.04,RU,2022-08-31 20:43:45
541,Odessa,46.4775,30.7326,75.88,45,97,11.81,UA,2022-08-31 20:43:45
542,College,64.8569,-147.8028,62.58,62,75,8.05,US,2022-08-31 20:44:44
543,Cururupu,-1.8283,-44.8683,78.03,75,51,4.05,BR,2022-08-31 20:41:26
544,Vicksburg,32.3526,-90.8779,92.93,59,0,4.61,US,2022-08-31 20:40:45
545,Canora,51.6333,-102.4343,89.62,25,0,11.63,CA,2022-08-31 20:44:46
546,Bang Sai,14.2124,100.4966,82.98,88,100,4.99,TH,2022-08-31 20:44:46
547,Yuksekova,37.5736,44.2872,60.55,33,0,2.3,TR,2022-08-31 20:44:47
548,Ugljevik,44.6636,19.0203,66.52,82,24,3.98,BA,2022-08-31 20:44:47
549,Dongsheng,39.8161,109.9776,57.87,40,0,2.86,CN,2022-08-31 20:44:48
550,Harku,59.1325,24.3711,51.67,66,0,9.22,EE,2022-08-31 20:44:48
551,Cavalcante,-13.7975,-47.4583,76.33,32,0,6.58,BR,2022-08-31 20:44:48
552,Arroio Grande,-32.2375,-53.0869,60.66,78,30,6.62,BR,2022-08-31 20:44:49
553,Nelson Bay,-32.7167,152.15,57.99,99,5,1.99,AU,2022-08-31 20:44:49
554,Sosva,59.1766,61.8558,50.27,92,100,5.99,RU,2022-08-31 20:44:50
555,Dudinka,69.4058,86.1778,36.63,94,15,6.98,RU,2022-08-31 20:44:50
556,Isla Mujeres,21.2311,-86.731,84.49,67,78,10.56,MX,2022-08-31 20:44:50
557,Naze,28.3667,129.4833,81.52,83,36,15.35,JP,2022-08-31 20:44:51
558,Zabid,14.1951,43.3152,89.31,65,27,8.16,YE,2022-08-31 20:44:51
559,Chara,56.9064,118.2631,38.64,71,82,2.26,RU,2022-08-31 20:44:52
560,Tautira,-17.7333,-149.15,77.23,73,5,18.23,PF,2022-08-31 20:44:52
561,Acari,-15.4311,-74.6158,69.08,57,6,8.72,PE,2022-08-31 20:44:52
562,Madang,-5.2246,145.7966,76.06,91,96,1.63,PG,2022-08-31 20:44:53
563,Ingham,42.6,-84.3833,80.91,50,40,11.5,US,2022-08-31 20:44:53
564,Celestun,20.8667,-90.4,84.88,67,69,14.03,MX,2022-08-31 20:44:53
565,Egvekinot,66.3167,-179.1667,37.8,86,100,18.32,RU,2022-08-31 20:44:54
566,Vagur,61.4732,-6.8119,50.97,88,7,13.82,FO,2022-08-31 20:44:55
567,Vostok,46.4856,135.8833,50.77,91,0,4.16,RU,2022-08-31 20:44:55
568,Springfield,37.2153,-93.2982,87.91,40,0,3.44,US,2022-08-31 20:43:01
569,Bereda,43.2686,-7.5406,59.14,96,42,0.89,ES,2022-08-31 20:44:55
570,Nouakchott,18.0858,-15.9785,85.93,83,100,14.47,MR,2022-08-31 20:44:56
571,Gustavo Diaz Ordaz,26.2333,-98.5833,98.02,53,98,1.01,MX,2022-08-31 20:44:56
572,Gao,16.6362,1.637,85.91,41,85,7.74,ML,2022-08-31 20:44:57
573,San Borja,-14.8167,-66.85,94.21,24,0,5.41,BO,2022-08-31 20:44:57
574,Oranjestad,12.524,-70.027,89.55,58,20,20.71,AW,2022-08-31 20:44:57
575,Kieta,-6.2167,155.6333,79.54,83,91,1.39,PG,2022-08-31 20:44:58
576,Monrovia,6.3005,-10.7969,78.57,88,100,10.94,LR,2022-08-31 20:44:58
577,Welkenraedt,50.6627,5.9733,67.73,74,86,7.4,BE,2022-08-31 20:44:59
578,Lerwick,60.1545,-1.1494,53.6,72,94,1.21,GB,2022-08-31 20:44:59
579,Maarianhamina,60.0973,19.9348,46.26,93,20,3.44,AX,2022-08-31 20:45:00
580,Pangai,-19.8,-174.35,75.31,60,20,6.91,TO,2022-08-31 20:45:00
581,Belyy Yar,53.6039,91.3903,60.69,63,0,4.47,RU,2022-08-31 20:45:00
582,Oussouye,12.485,-16.5469,77.18,82,100,10.85,SN,2022-08-31 20:45:01
583,Churapcha,62.0025,132.4325,40.26,88,100,2.06,RU,2022-08-31 20:45:01
584,Aqtobe,50.2797,57.2072,68.09,34,0,8.95,KZ,2022-08-31 20:45:02
585,Qitaihe,45.8,130.85,54.46,93,12,6.49,CN,2022-08-31 20:45:02
586,Pietarsaari,63.65,22.6833,52.9,69,76,11.43,FI,2022-08-31 20:45:03
587,Aswan,24.0934,32.907,96.1,20,0,11.5,EG,2022-08-31 20:45:04
588,Vakhrushev,48.9833,142.9667,58.78,88,5,2.37,RU,2022-08-31 20:45:04
589,Sovetskaya,44.7769,41.1722,73.13,43,1,6.76,RU,2022-08-31 20:45:05
590,San Vicente,-26.6167,-54.1333,63.27,60,2,3.44,AR,2022-08-31 20:46:05
591,Koumac,-20.5667,164.2833,72.18,76,30,3.76,NC,2022-08-31 20:46:06
592,Morant Bay,17.8815,-76.4093,87.71,70,100,11.16,JM,2022-08-31 20:46:06
593,Alugan,12.2188,125.4808,78.22,88,31,6.33,PH,2022-08-31 20:46:07
594,Palana,59.1167,159.9667,45.86,81,0,12.1,RU,2022-08-31 20:46:07
595,Jasper,37.2001,-94.3502,92.1,30,0,6.91,US,2022-08-31 20:46:08
596,Puri,19.8,85.85,82.92,75,98,9.51,IN,2022-08-31 20:46:08
597,Villefontaine,45.6125,5.1456,71.69,60,0,5.75,FR,2022-08-31 20:46:09
598,Labuhan,-6.8844,112.2051,76.3,88,68,6.33,ID,2022-08-31 20:46:09
599,Kachug,53.9606,105.8817,48.22,75,24,3.53,RU,2022-08-31 20:46:09
600,Antofagasta,-23.65,-70.4,56.48,76,43,7.16,CL,2022-08-31 20:44:39
601,Aviles,43.5547,-5.9248,68.77,82,75,2.3,ES,2022-08-31 20:42:59
602,Sinnamary,5.3833,-52.95,80.19,86,89,8.7,GF,2022-08-31 20:46:10
603,Pangody,65.85,74.4859,40.17,86,82,7.72,RU,2022-08-31 20:46:11
604,Antigonish,45.6169,-61.9986,77.83,77,34,10.0,CA,2022-08-31 20:44:05
605,Bowen,-20.0167,148.2333,67.05,86,55,10.96,AU,2022-08-31 20:46:11
606,Cockburn Town,21.4612,-71.1419,85.96,66,40,13.8,TC,2022-08-31 20:46:12
607,Luanda,-8.8368,13.2343,71.6,88,20,6.91,AO,2022-08-31 20:46:12
608,Luderitz,-26.6481,15.1594,57.94,76,3,4.83,NA,2022-08-31 20:46:12
609,Pangnirtung,66.1451,-65.7125,51.8,58,20,4.61,CA,2022-08-31 20:46:13
610,Saint-Augustin,51.226,-58.6502,69.03,82,92,16.96,CA,2022-08-31 20:42:56
611,Inongo,-1.95,18.2667,72.72,81,97,2.37,CD,2022-08-31 20:46:13
612,Bayan,46.0833,127.4,50.02,91,92,12.93,CN,2022-08-31 20:46:14
613,Tolaga Bay,-38.3667,178.3,53.8,58,23,3.74,NZ,2022-08-31 20:46:14
614,Tiarei,-17.5333,-149.3333,82.42,72,1,18.68,PF,2022-08-31 20:46:15
615,Mudkhed,19.1667,77.5167,78.66,81,89,4.65,IN,2022-08-31 20:46:15
616,Corn Island,12.1694,-83.0418,82.6,72,99,4.25,NI,2022-08-31 20:46:16
617,Esil,51.9556,66.4042,72.37,38,88,8.86,KZ,2022-08-31 20:46:16
618,Gurupi,-11.7292,-49.0686,88.61,19,2,7.67,BR,2022-08-31 20:46:17
619,Owasso,36.2695,-95.8547,96.35,28,75,4.61,US,2022-08-31 20:46:17
620,Owensboro,37.7742,-87.1133,86.22,47,0,9.22,US,2022-08-31 20:46:17
621,Ha Tinh,18.3333,105.9,77.07,90,46,3.02,VN,2022-08-31 20:46:18
622,Pervoye Maya,56.164,44.7196,58.55,83,24,6.78,RU,2022-08-31 20:46:18
623,Wilmington,34.2257,-77.9447,91.31,60,20,6.91,US,2022-08-31 20:46:19
624,Santa Vitoria Do Palmar,-33.5189,-53.3681,58.26,82,77,8.39,BR,2022-08-31 20:46:19
625,Vavatenina,-17.4667,49.2,63.61,99,21,2.42,MG,2022-08-31 20:46:20
626,Vzmorye,54.6961,20.2361,60.01,75,2,7.76,RU,2022-08-31 20:46:20
627,Frankfort,-27.2667,28.4833,49.44,22,28,8.61,ZA,2022-08-31 20:46:21
628,Yaan,7.3833,8.5667,72.61,94,99,10.49,NG,2022-08-31 20:46:21
629,Jhalida,23.3667,85.9667,78.84,85,100,3.47,IN,2022-08-31 20:46:21
630,Hervey Bay,-25.2986,152.8535,62.85,91,21,8.46,AU,2022-08-31 20:41:57
631,Lingyuan,41.24,119.4011,51.8,57,0,6.98,CN,2022-08-31 20:46:22
632,Rosetta,31.4044,30.4164,78.64,72,0,10.29,EG,2022-08-31 20:46:22
633,Alanya,36.5438,31.9998,77.13,64,0,4.74,TR,2022-08-31 20:46:23
634,Sarangani,5.4033,125.4636,82.63,73,97,2.68,PH,2022-08-31 20:46:23
635,Otjimbingwe,-22.35,16.1333,69.04,37,65,1.9,NA,2022-08-31 20:46:24
636,Marinette,45.1,-87.6307,82.45,39,0,12.66,US,2022-08-31 20:46:24
637,Mana,5.6592,-53.7767,80.19,82,99,7.29,GF,2022-08-31 20:46:24
638,Taoudenni,22.6783,-3.9836,100.26,16,13,3.4,ML,2022-08-31 20:47:25
639,Mandera,3.9366,41.867,79.52,53,43,21.97,KE,2022-08-31 20:47:25
640,Kimbe,-5.5502,150.1429,77.02,91,100,2.68,PG,2022-08-31 20:47:25
641,Mogadishu,2.0371,45.3438,75.79,86,35,20.89,SO,2022-08-31 20:47:26
642,Sabha,27.0377,14.4283,87.51,24,0,17.83,LY,2022-08-31 20:47:26
643,Maridi,4.9158,29.4742,66.65,96,100,3.09,SS,2022-08-31 20:47:27
644,Pocone,-16.2567,-56.6228,95.2,18,0,2.21,BR,2022-08-31 20:47:27
645,Cayenne,4.9333,-52.3333,82.44,78,75,6.91,GF,2022-08-31 20:47:27
646,Kamenka,51.3223,42.7678,65.91,48,13,2.42,RU,2022-08-31 20:47:28
647,Kawalu,-7.3817,108.2082,72.05,97,99,1.68,ID,2022-08-31 20:47:28
648,Boundiali,9.5217,-6.4869,70.83,94,99,0.63,CI,2022-08-31 20:47:29
649,Victoria Falls,-17.9235,25.843,67.86,43,42,7.16,ZW,2022-08-31 20:43:32
650,Byumba,-1.5763,30.0675,53.8,82,98,2.73,RW,2022-08-31 20:47:29
651,Kilindoni,-7.9139,39.6668,75.54,79,17,17.36,TZ,2022-08-31 20:47:30
652,San Jose,37.3394,-121.895,92.26,50,0,8.05,US,2022-08-31 20:43:21
653,Waddan,29.1614,16.139,82.69,43,0,16.26,LY,2022-08-31 20:47:30
654,Panguna,-6.3164,155.4848,71.37,91,85,2.46,PG,2022-08-31 20:47:30
655,Itarema,-2.9248,-39.9167,77.79,74,4,14.5,BR,2022-08-31 20:45:22
656,Neka,36.6508,53.299,74.46,68,0,3.04,IR,2022-08-31 20:47:31
657,Pocatello,42.8713,-112.4455,102.18,13,40,6.91,US,2022-08-31 20:47:31
658,Muramvya,-3.2682,29.6079,57.97,89,80,1.32,BI,2022-08-31 20:47:32
659,Oliva,38.9197,-0.1194,89.83,54,1,3.0,ES,2022-08-31 20:47:32
660,Panama City,8.9936,-79.5197,80.55,86,40,5.75,PA,2022-08-31 20:46:56
661,Valparaiso,-33.0393,-71.6273,55.63,88,100,5.75,CL,2022-08-31 20:47:33
662,Polunochnoye,60.8697,60.4153,45.82,97,100,4.18,RU,2022-08-31 20:47:33
663,Aksarka,66.5606,67.7975,42.37,72,95,1.92,RU,2022-08-31 20:47:34
664,Syracuse,37.0881,15.2792,81.77,70,98,7.16,IT,2022-08-31 20:46:23
665,Axim,4.8699,-2.2405,74.48,92,84,10.29,GH,2022-08-31 20:47:34
666,Eyl,7.9803,49.8164,76.48,80,79,21.07,SO,2022-08-31 20:47:35
667,Opuwo,-18.0607,13.84,67.98,40,7,4.65,NA,2022-08-31 20:47:35
668,Neuquen,-38.9516,-68.0591,69.69,13,0,9.22,AR,2022-08-31 20:47:36
669,Sola,-13.8833,167.55,79.81,73,98,23.64,VU,2022-08-31 20:47:36
670,Basoko,1.2391,23.616,71.76,95,90,1.66,CD,2022-08-31 20:47:36
671,Libreville,0.3925,9.4537,76.82,84,71,9.26,GA,2022-08-31 20:47:37
672,Kanadey,53.1679,47.5264,65.44,59,23,3.04,RU,2022-08-31 20:47:37
673,Ekpoma,6.7421,6.139,70.39,97,100,4.34,NG,2022-08-31 20:47:37
674,Hit,33.6416,42.8251,93.76,12,0,6.22,IQ,2022-08-31 20:47:38
675,Durban,-29.8579,31.0292,60.03,78,27,1.99,ZA,2022-08-31 20:43:54
676,Buala,-8.145,159.5921,80.53,83,98,9.73,SB,2022-08-31 20:47:38
677,Darnah,32.767,22.6367,79.72,72,0,19.35,LY,2022-08-31 20:47:39
678,Plettenberg Bay,-34.0527,23.3716,55.31,52,0,8.12,ZA,2022-08-31 20:47:39
679,Nhulunbuy,-12.2333,136.7667,75.81,94,30,6.91,AU,2022-08-31 20:47:40
680,Baykit,61.67,96.37,39.22,92,100,12.08,RU,2022-08-31 20:47:40
681,Wanning,18.8003,110.3967,78.55,87,7,3.24,CN,2022-08-31 20:47:40
682,Prachuap Khiri Khan,12.2167,99.75,74.71,89,100,1.83,TH,2022-08-31 20:47:41
683,Spirovo,57.419,34.9766,46.78,76,91,11.83,RU,2022-08-31 20:47:41
684,Matagami,49.7502,-77.6328,51.91,76,100,10.36,CA,2022-08-31 20:47:42
685,Thunder Bay,48.4001,-89.3168,71.58,28,20,19.57,CA,2022-08-31 20:44:19
686,Christchurch,-43.5333,172.6333,59.47,77,76,1.14,NZ,2022-08-31 20:46:00
687,Reconquista,-29.15,-59.65,78.15,46,0,10.02,AR,2022-08-31 20:48:43
688,Sokoni,-6.4333,39.55,75.06,79,10,15.37,TZ,2022-08-31 20:48:43
689,Martapura,-3.4167,114.85,73.49,100,7,2.3,ID,2022-08-31 20:48:43
690,Tocantins,-10.5,-48.0,91.69,24,13,4.34,BR,2022-08-31 20:48:44
691,Karabudakhkent,42.7087,47.5673,69.26,78,5,0.0,RU,2022-08-31 20:48:44
692,Mehamn,71.0357,27.8492,44.51,75,75,6.91,NO,2022-08-31 20:48:45
693,Bathsheba,13.2167,-59.5167,86.61,66,40,13.8,BB,2022-08-31 20:48:45
694,Vetrni,48.7743,14.2862,57.25,95,100,1.16,CZ,2022-08-31 20:48:46
695,Adrar,20.5022,-10.0711,87.87,40,100,2.75,MR,2022-08-31 20:48:46
